{"entities":{"pages":{"Dev-Diary-Overview":{"id":"Dev-Diary-Overview","title":"Dev Diary Overview","url":"dev-diary-overview.html","level":0,"pages":["Blogging-About-The-Blog"],"tabIndex":0},"Blogging-About-The-Blog":{"id":"Blogging-About-The-Blog","title":"Blogging About The Blog","url":"blogging-about-the-blog.html","level":1,"parentId":"Dev-Diary-Overview","tabIndex":0},"Project-1-One-Button-Game":{"id":"Project-1-One-Button-Game","title":"Project 1: One Button Game","url":"project-1-one-button-game.html","level":0,"pages":["Idea-Generation","Engine-Selection"],"tabIndex":1},"Idea-Generation":{"id":"Idea-Generation","title":"Idea Generation","url":"idea-generation.html","level":1,"parentId":"Project-1-One-Button-Game","tabIndex":0},"Engine-Selection":{"id":"Engine-Selection","title":"Engine Selection","url":"engine-selection.html","level":1,"parentId":"Project-1-One-Button-Game","tabIndex":1}}},"topLevelIds":["Dev-Diary-Overview","Project-1-One-Button-Game"]}